produced_date,platform,campaign,title,format,deliverable_path
2026-07-08,instagram,Podcast Clips,STR vs LTR,reel,exports/Ekabo-Home_STR-vs-LTR_Reel_master.mp4
2026-07-09,instagram,Statics,China Housing Market,static,exports/Ekabo-Home_China-Housing_IGPost_v6.jpg
2026-07-11,instagram,Podcast Clips,$5K Down Triplex,reel,exports/Ekabo-Home_5K-Down-Triplex_Clip.mp4
2026-07-12,instagram,Podcast Clips,90% Commissions,reel,exports/Ekabo-Home_90pct-Commissions_Clip_v3.mp4
2026-07-14,instagram,Podcast Clips,$60K Lending Mistake,reel,exports/Ekabo_V1_60K-Lending-Mistake_master.mp4
2026-07-15,instagram,Podcast Clips,Why Entrepreneurs Fail,reel,exports/Ekabo_V2_Why-Entrepreneurs-Fail_master.mp4
2026-07-16,instagram,Podcast Clips,Give Away Your Best Contractors,reel,exports/Ekabo_V3_Give-Away-Best-Contractors_master.mp4
2026-07-17,instagram,Podcast Clips,W2 Dependency Dial,reel,exports/Ekabo_V4_W2-Dependency-Dial_master.mp4
2026-07-21,instagram,Podcast Clips,PMI Removal,reel,exports/Ekabo_YT2-1_PMI-Removal.mp4
2026-07-21,instagram,Podcast Clips,HELOC Arbitrage,reel,exports/Ekabo_YT2-2_HELOC-Arbitrage.mp4
2026-07-21,instagram,Podcast Clips,Hard Money Explained,reel,exports/Ekabo_YT2-3_Hard-Money.mp4
2026-07-21,instagram,Podcast Clips,DSCR Scaling,reel,exports/Ekabo_YT2-4_DSCR-Scaling.mp4
2026-07-22,instagram,Podcast Clips,$5K to Freedom,reel,exports/Ekabo_EP3-Top_5K-to-Freedom_master.mp4
2026-07-23,instagram,Podcast Clips,$670K House Hack,reel,exports/Ekabo_EP3-2_670K-House-Hack.mp4
2026-07-25,instagram,Podcast Clips,Airbnb Management Math,reel,exports/Ekabo_EP3-3_Airbnb-Management-Math.mp4
2026-07-26,instagram,Podcast Clips,VA Zero Down,reel,exports/Ekabo_YT2-5_VA-Zero-Down.mp4
2026-07-28,instagram,Podcast Clips,Commercial Loan Mistake,reel,exports/Ekabo_EP3-4_Commercial-Loan-Mistake.mp4
2026-07-29,instagram,Podcast Clips,11 Acres of Storage,reel,exports/Ekabo_EP3-5_11-Acres-Storage.mp4
2026-07-30,instagram,Podcast Clips,"20% Raise, 40% Paycut",reel,exports/Ekabo_EP3-6_20pct-Raise-40pct-Paycut.mp4
2026-07-31,instagram,Carousels,How to Lose a Deal (7 slides),carousel,exports/carousel_lose_a_deal/
2026-08-02,instagram,Carousels,10 Checks Before You Buy (7 slides),carousel,exports/carousel_10_checks/
2026-08-05,instagram,Podcast Clips,The Wall at 5 Units,reel,exports/Ekabo_EP167_Wall-At-5-Units.mp4
2026-08-06,instagram,Podcast Clips,The Point of Financial Freedom,reel,exports/Ekabo_EP167-2_Point-Of-Financial-Freedom_Extended.mp4
2026-08-08,instagram,Podcast Clips,Botched Eviction,reel,exports/Ekabo_EP167-4_Botched-Eviction.mp4
2026-08-09,instagram,Podcast Clips,Uncleaned Unit Refund,reel,exports/Ekabo_EP167-3_Uncleaned-Unit-Refund_Broll.mp4
2026-08-12,instagram,Carousels,Dating History of a House (6 slides),carousel,exports/carousel_dating_history/
2026-08-13,instagram,Podcast Clips,3 VAs to One,reel,exports/Ekabo_EP167-5_3-VAs-To-One.mp4
2026-08-13,instagram,Rich Life,What Is the Point?,reel,exports/Ekabo_RichLife_What-Is-The-Point.mp4
2026-08-13,instagram,Rich Life,She Had a Clock,reel,exports/Ekabo_RichLife_She-Had-A-Clock.mp4
2026-08-13,instagram,Podcast Clips,Mortgage Interest: 21 Years,reel,exports/Ekabo_Mortgage-Interest-21-Years.mp4
2026-08-13,instagram,Podcast Clips,Know Your Numbers,reel,exports/Ekabo_Know-Your-Numbers.mp4
2026-08-15,instagram,Podcast Clips,House Hack Fourplex,reel,exports/Ekabo_House-Hack-Fourplex.mp4
2026-08-16,instagram,Podcast Clips,The 5% Down Rule,reel,exports/Ekabo_5pct-Down-Rule.mp4
2026-08-17,instagram,Carousels,First-Time Buyers (6 slides),carousel,exports/carousel_first_time_buyers/
2026-08-18,instagram,See You At 75,EP1 — The Plan,reel,exports/series_see_you_at_75/Ekabo_SeeYouAt75_EP1_The-Plan_2D.mp4
2026-08-18,instagram,See You At 75,EP2 — The Raise,reel,exports/series_see_you_at_75/Ekabo_SeeYouAt75_EP2_The-Raise.mp4
2026-08-21,instagram,Carousels,Lockbox (5 slides),carousel,exports/carousel_lockbox/
2026-08-22,instagram,See You At 75,EP3 — The Day Off,reel,exports/series_see_you_at_75/Ekabo_SeeYouAt75_EP3_The-Day-Off.mp4
2026-08-23,client,Client — Woodbury Park,Summer in the Park 90s Recap v2,reel,exports/woodbury_park/Woodbury_SummerInThePark_90s_Recap_v2.mp4
2026-08-23,linkedin,Client — Woodbury Park,Ready for the First Day (LinkedIn),video,exports/woodbury_park/Woodbury_ReadyForTheFirstDay_LinkedIn.mp4
2026-08-23,client,Client — Woodbury Park,Back to School Bash 60s Party Cut,reel,exports/woodbury_park/Woodbury_BackToSchoolBash_60s.mp4
2026-08-25,instagram,Victory Sundays,Victory Sundays Recap,reel,exports/ekabo_victory_sundays/Ekabo_VictorySundays_Recap.mp4
2026-08-25,instagram,Carousels,5 Loans Every Investor Should Know (5 slides),carousel,exports/carousel_5_loans/
2026-08-25,instagram,Statics,House Hacking by the Numbers,static,exports/statics/Ekabo_HouseHacking-By-The-Numbers.jpg
2026-08-25,instagram,Statics,Rent Is 100% Interest,static,exports/statics/Ekabo_Rent-Is-100pct-Interest.jpg
2026-08-26,instagram,See You At 75,EP4 — New Management,reel,exports/series_see_you_at_75/Ekabo_SeeYouAt75_EP4_New-Management.mp4
2026-08-27,instagram,Carousels,Reddit Mortgage Story (7 slides),carousel,exports/carousel_reddit_mortgage/
2026-08-28,instagram,Podcast Clips,EP169 Clip 1 — Cost of Selling Too Soon,reel,exports/ep169_reels/Ekabo_EP169_Clip1_Cost-Of-Selling-Too-Soon_v3.mp4
2026-08-28,instagram,Podcast Clips,EP169 Clip 2 — 3 Most Expensive Decisions,reel,exports/ep169_reels/Ekabo_EP169_Clip2_3-Most-Expensive-Decisions_v3.mp4
2026-08-30,instagram,See You At 75,EP5 — The Shrug,reel,exports/series_see_you_at_75/Ekabo_SeeYouAt75_EP5_The-Shrug.mp4
